CustomerID,Name,Region,State,City,JoinDate,PurchaDate,PerformanceScore,PreferredContactMethod
CG-12520,Claire Gute,South,Kentucky,Henderson,1/1/2020,10/15/2012,Medium,SMS
DV-13045,Darrin Van Huff,West,California,Los Angeles,1/1/2020,6/13/2013,Low,Phone
SO-20335,Sean O'Donnell,South,Florida,Fort Lauderdale,1/1/2020,10/11/2012,Low,Phone
BH-11710,Brosina Hoffman,West,California,Los Angeles,1/1/2020,6/9/2011,High,SMS
AA-10480,Andrew Allen,South,North Carolina,Concord,1/1/2020,5/4/2011,High,Phone
IM-15070,Irene Maddox,West,Washington,Seattle,1/1/2020,12/19/2011,Medium,SMS
HP-14815,Harold Pawlan,Central,Texas,Fort Worth,1/1/2020,5/6/2011,High,Email
PK-19075,Pete Kriz,Central,Wisconsin,Madison,1/1/2020,11/11/2011,Medium,Email
AG-10270,Alejandro Grove,West,Utah,West Jordan,1/1/2020,5/13/2011,Medium,SMS
ZD-21925,Zuschuss Donatelli,West,California,San Francisco,1/1/2020,8/27/2011,High,SMS
KB-16585,Ken Black,Central,Nebraska,Fremont,1/1/2020,4/4/2011,Low,Phone
SF-20065,Sandra Flanagan,East,Pennsylvania,Philadelphia,1/1/2020,9/10/2011,Medium,Phone
EB-13870,Emily Burns,West,Utah,Orem,1/1/2020,5/5/2011,Medium,Email
EH-13945,Eric Hoffmann,West,California,Los Angeles,1/1/2020,7/2/2011,High,Email
TB-21520,Tracy Blumstein,East,Pennsylvania,Philadelphia,1/1/2020,10/17/2011,High,SMS
MA-17560,Matt Abelman,Central,Texas,Houston,1/1/2020,8/8/2011,Medium,Phone
GH-14485,Gene Hale,Central,Texas,Richardson,1/1/2020,10/8/2012,Medium,SMS
SN-20710,Steve Nguyen,Central,Texas,Houston,1/1/2020,5/6/2011,Medium,SMS
LC-16930,Linda Cazamias,Central,Illinois,Naperville,1/1/2020,2/21/2011,Low,Phone
RA-19885,Ruben Ausman,West,California,Los Angeles,1/1/2020,4/8/2011,Medium,Phone
ES-14080,Erin Smith,South,Florida,Melbourne,1/1/2020,10/2/2011,Low,Phone
ON-18715,Odella Nelson,Central,Minnesota,Eagan,1/1/2020,9/13/2011,Low,Email
PO-18865,Patrick O'Donnell,Central,Michigan,Westland,1/1/2020,3/23/2011,Medium,Phone
LH-16900,Lena Hernandez,East,Delaware,Dover,1/1/2020,8/19/2011,Low,Email
DP-13000,Darren Powers,Central,Indiana,New Albany,1/1/2020,1/4/2011,Low,Phone
JM-15265,Janet Molinari,East,New York,New York City,1/1/2020,8/25/2011,Medium,SMS
TB-21055,Ted Butterfield,East,New York,Troy,1/1/2020,6/18/2013,High,SMS
KM-16720,Kunst Miller,West,California,Los Angeles,1/1/2020,3/30/2011,High,Phone
PS-18970,Paul Stevenson,Central,Illinois,Chicago,1/1/2020,4/15/2011,Medium,Email
BS-11590,Brendan Sweed,West,Arizona,Gilbert,1/1/2020,1/15/2011,Low,Email
KD-16270,Karen Daniels,South,Virginia,Springfield,1/1/2020,11/11/2011,Medium,Email
HM-14980,Henry MacAllister,East,New York,New York City,1/1/2020,10/2/2012,High,Phone
JE-15745,Joel Eaton,South,Tennessee,Memphis,1/1/2020,6/22/2011,High,Email
KB-16600,Ken Brennan,Central,Texas,Houston,1/1/2020,12/30/2011,Medium,SMS
SC-20770,Stewart Carmichael,South,Alabama,Decatur,1/1/2020,6/20/2012,Low,Phone
DN-13690,Duane Noonan,West,California,San Francisco,1/1/2020,9/20/2011,Low,Phone
JC-16105,Julie Creighton,South,North Carolina,Durham,1/1/2020,11/18/2011,High,Email
CS-12400,Christopher Schild,Central,Illinois,Chicago,1/1/2020,9/26/2011,High,Email
PG-18895,Paul Gonzalez,Central,Minnesota,Rochester,1/1/2020,5/11/2011,Low,Phone
GM-14455,Gary Mitchum,Central,Texas,Houston,1/1/2020,4/11/2011,Medium,SMS
JS-15685,Jim Sink,West,California,Los Angeles,1/1/2020,6/15/2013,Medium,Email
KB-16315,Karl Braun,Central,Minnesota,Minneapolis,1/1/2020,8/26/2011,Low,SMS
RB-19705,Roger Barcio,West,Oregon,Portland,1/1/2020,8/22/2012,Low,Phone
PN-18775,Parhena Norris,East,New York,New York City,1/1/2020,8/7/2012,High,Email
KD-16345,Katherine Ducich,West,California,San Francisco,1/1/2020,9/2/2011,Medium,Phone
ER-13855,Elpida Rittenbach,Central,Minnesota,Saint Paul,1/1/2020,12/21/2012,Medium,SMS
RB-19465,Rick Bensley,Central,Illinois,Chicago,1/1/2020,3/14/2011,Medium,Email
GZ-14470,Gary Zandusky,Central,Minnesota,Rochester,1/1/2020,8/5/2011,Low,Email
LC-16870,Lena Cacioppo,West,Colorado,Aurora,1/1/2020,5/3/2012,Medium,Phone
JM-15250,Janet Martin,South,North Carolina,Charlotte,1/1/2020,3/30/2013,Low,SMS
PA-19060,Pete Armstrong,Central,Illinois,Orland Park,1/1/2020,5/17/2011,High,SMS
CV-12805,Cynthia Voltz,East,New York,New York City,1/1/2020,5/10/2013,Medium,Phone
CL-12565,Clay Ludtke,Central,Iowa,Urbandale,1/1/2020,3/4/2011,Low,Phone
RC-19960,Ryan Crowe,East,Ohio,Columbus,1/1/2020,8/25/2011,Low,Email
DK-13090,Dave Kipp,West,Washington,Seattle,1/1/2020,3/2/2012,Low,Phone
GG-14650,Greg Guthrie,South,Tennessee,Bristol,1/1/2020,10/31/2011,Medium,Email
SC-20725,Steven Cartwright,East,Delaware,Wilmington,1/1/2020,6/3/2011,Medium,Phone
AD-10180,Alan Dominguez,Central,Texas,Houston,1/1/2020,11/19/2011,Low,Email
PF-19165,Philip Fox,Central,Illinois,Bloomington,1/1/2020,9/20/2011,Low,SMS
TS-21610,Troy Staebel,West,Arizona,Phoenix,1/1/2020,8/16/2011,High,Email
LS-16975,Lindsay Shagiari,West,California,Los Angeles,1/1/2020,10/20/2011,Medium,Email
DW-13585,Dorothy Wardle,East,Ohio,Columbus,1/1/2020,8/24/2011,Low,Email
LC-16885,Lena Creighton,West,California,Roseville,1/1/2020,4/25/2011,High,Email
JD-15895,Jonathan Doherty,East,Pennsylvania,Philadelphia,1/1/2020,3/26/2011,High,SMS
SH-19975,Sally Hughsby,West,California,San Francisco,1/1/2020,12/10/2011,High,Email
SG-20080,Sandra Glassco,Central,Missouri,Independence,1/1/2020,10/31/2012,Medium,SMS
HA-14920,Helen Andreada,West,California,Pasadena,1/1/2020,10/11/2011,Low,Email
MG-17680,Maureen Gastineau,East,Ohio,Newark,1/1/2020,10/22/2011,Medium,SMS
JE-16165,Justin Ellison,Central,Wisconsin,Franklin,1/1/2020,12/6/2013,High,Email
TW-21025,Tamara Willingham,West,Arizona,Scottsdale,1/1/2020,12/22/2011,High,SMS
SP-20650,Stephanie Phelps,West,California,San Jose,1/1/2020,4/16/2011,Medium,Email
NK-18490,Neil Knudson,West,Washington,Seattle,1/1/2020,5/28/2012,High,SMS
DB-13060,Dave Brooks,West,Washington,Seattle,1/1/2020,3/1/2011,High,Email
NP-18670,Nora Paige,Central,Oklahoma,Edmond,1/1/2020,2/27/2012,Low,Email
TT-21070,Ted Trevino,West,California,Los Angeles,1/1/2020,5/18/2011,High,SMS
EM-13960,Eric Murdock,East,Pennsylvania,Philadelphia,1/1/2020,10/1/2012,Low,Email
RD-19900,Ruben Dartt,West,New Mexico,Carlsbad,1/1/2020,4/5/2011,Low,Email
MJ-17740,Max Jones,West,Washington,Seattle,1/1/2020,6/9/2012,Medium,SMS
BM-11140,Becky Martin,Central,Texas,San Antonio,1/1/2020,9/8/2011,Medium,Phone
CS-12130,Chad Sievert,West,California,Los Angeles,1/1/2020,8/5/2011,High,Phone
JB-15400,Jennifer Braxton,Central,Illinois,Chicago,1/1/2020,9/14/2011,Medium,Phone
SJ-20500,Shirley Jackson,Central,Texas,Houston,1/1/2020,8/31/2011,Low,Phone
JK-15640,Jim Kriz,East,New York,New York City,1/1/2020,9/19/2011,Low,SMS
DK-13150,David Kendrick,Central,Illinois,Decatur,1/1/2020,12/5/2011,Medium,Phone
RM-19675,Robert Marley,South,Louisiana,Monroe,1/1/2020,11/14/2011,Medium,Email
SK-19990,Sally Knutson,East,Connecticut,Fairfield,1/1/2020,11/29/2013,Low,Phone
FM-14290,Frank Merwin,West,California,Los Angeles,1/1/2020,8/26/2011,High,Email
AM-10360,Alice McCarthy,Central,Texas,Grand Prairie,1/1/2020,10/6/2011,High,Email
MP-17470,Mark Packer,East,New York,New York City,1/1/2020,3/30/2011,Medium,SMS
MZ-17515,Mary Zewe,West,California,Redlands,1/1/2020,4/4/2011,Low,SMS
CB-12025,Cassandra Brandow,East,Ohio,Hamilton,1/1/2020,3/21/2011,Medium,SMS
VM-21685,Valerie Mitchum,East,New Jersey,Westfield,1/1/2020,4/7/2011,Medium,SMS
FH-14365,Fred Hopkins,East,Pennsylvania,Philadelphia,1/1/2020,10/20/2011,Medium,Email
MB-17305,Maria Bertelson,East,Ohio,Akron,1/1/2020,8/8/2011,Low,Email
BS-11755,Bruce Stewart,West,Colorado,Denver,1/1/2020,5/18/2011,Low,Email
LC-17140,Logan Currie,Central,Texas,Dallas,1/1/2020,9/9/2011,High,Email
HK-14890,Heather Kirkland,South,Tennessee,Franklin,1/1/2020,6/10/2011,High,SMS
LE-16810,Laurel Elliston,West,California,Whittier,1/1/2020,5/27/2011,Low,SMS
JH-15985,Joseph Holt,Central,Michigan,Saginaw,1/1/2020,8/9/2011,Medium,SMS
MS-17980,Michael Stewart,Central,Texas,Dallas,1/1/2020,6/30/2011,Low,SMS
VW-21775,Victoria Wilson,East,Ohio,Medina,1/1/2020,5/11/2011,Low,Phone
JH-15910,Jonathan Howell,West,California,Los Angeles,1/1/2020,6/12/2012,Medium,SMS
JB-15925,Joni Blumstein,East,Ohio,Dublin,1/1/2020,12/5/2011,Low,Phone
DS-13180,David Smith,Central,Michigan,Detroit,1/1/2020,4/28/2011,Medium,SMS
VD-21670,Valerie Dominguez,South,Tennessee,Columbia,1/1/2020,8/4/2011,Medium,SMS
EA-14035,Erin Ashbrook,South,North Carolina,Charlotte,1/1/2020,9/13/2011,High,Phone
DB-13120,David Bremer,West,California,Santa Clara,1/1/2020,5/1/2012,High,Phone
KL-16645,Ken Lonsdale,Central,Illinois,Chicago,1/1/2020,7/25/2011,High,Email
DW-13480,Dianna Wilson,Central,Minnesota,Lakeville,1/1/2020,6/1/2011,High,SMS
LH-17155,Logan Haushalter,West,California,San Francisco,1/1/2020,12/12/2011,Low,SMS
KC-16540,Kelly Collister,West,California,San Diego,1/1/2020,11/2/2012,Low,Phone
DL-13315,Delfina Latchford,East,New York,New York City,1/1/2020,1/17/2011,Medium,SMS
DR-12880,Dan Reichenbach,Central,Illinois,Chicago,1/1/2020,9/25/2012,Medium,SMS
CC-12670,Craig Carreira,East,New York,New York City,1/1/2020,12/23/2011,Medium,Email
Dl-13600,Dorris liebe,Central,Texas,Pasadena,1/1/2020,3/30/2011,Medium,Phone
SB-20290,Sean Braxton,Central,Texas,Houston,1/1/2020,5/9/2011,Low,Phone
RC-19825,Roy Collins,Central,Illinois,Chicago,1/1/2020,12/5/2011,Medium,Phone
AH-10210,Alan Hwang,West,California,Brentwood,1/1/2020,11/29/2011,Medium,SMS
CB-12535,Claudia Bergmann,South,North Carolina,Chapel Hill,1/1/2020,1/2/2012,Medium,Email
CA-12310,Christine Abelman,East,Ohio,Cincinnati,1/1/2020,7/19/2011,Medium,Phone
KH-16690,Kristen Hastings,West,California,San Francisco,1/1/2020,3/21/2011,Low,Phone
BB-10990,Barry Blumstein,West,California,Inglewood,1/1/2020,7/27/2011,Medium,Email
AG-10495,Andrew Gjertsen,East,Pennsylvania,Philadelphia,1/1/2020,1/4/2012,High,Email
JO-15280,Jas O'Carroll,West,California,Los Angeles,1/1/2020,3/31/2011,High,Email
AH-10195,Alan Haines,South,Florida,Tamarac,1/1/2020,3/5/2012,Low,SMS
NZ-18565,Nick Zandusky,East,Ohio,Columbus,1/1/2020,8/2/2011,High,SMS
KL-16555,Kelly Lampkin,West,Colorado,Colorado Springs,1/1/2020,6/15/2011,Medium,SMS
AS-10225,Alan Schoenberger,East,New York,New York City,1/1/2020,10/18/2011,Medium,SMS
CR-12625,Corey Roper,East,New Jersey,Lakewood,1/1/2020,6/1/2011,Low,Email
SH-20395,Shahid Hopkins,South,Virginia,Arlington,1/1/2020,11/2/2011,High,Phone
BP-11185,Ben Peterman,West,Colorado,Arvada,1/1/2020,3/24/2012,Low,Email
TS-21205,Thomas Seio,East,New Jersey,Hackensack,1/1/2020,3/21/2011,Medium,Email
AG-10525,Andy Gerbode,South,Florida,Saint Petersburg,1/1/2020,8/9/2011,High,Email
SP-20860,Sung Pak,East,Pennsylvania,Philadelphia,1/1/2020,12/15/2011,Low,SMS
NM-18445,Nathan Mautz,East,New York,New York City,1/1/2020,2/9/2011,High,SMS
FA-14230,Frank Atkinson,West,California,Long Beach,1/1/2020,9/19/2011,Medium,Phone
GK-14620,Grace Kelly,West,California,Hesperia,1/1/2020,6/25/2011,Low,Email
DJ-13510,Don Jones,South,Tennessee,Murfreesboro,1/1/2020,8/17/2011,Low,Email
PO-18850,Patrick O'Brill,East,Pennsylvania,Philadelphia,1/1/2020,11/2/2011,High,Phone
JL-15850,John Lucas,East,Pennsylvania,Philadelphia,1/1/2020,7/22/2011,High,Phone
DB-13615,Doug Bickford,West,California,Los Angeles,1/1/2020,9/30/2011,Low,Phone
AC-10420,Alyssa Crouse,West,California,San Francisco,1/1/2020,7/12/2011,Medium,SMS
CC-12550,Clay Cheatham,West,California,San Francisco,1/1/2020,6/16/2014,Medium,Phone
TD-20995,Tamara Dahlen,East,Massachusetts,Lowell,1/1/2020,5/19/2011,Low,Phone
AB-10060,Adam Bellavance,East,New York,New York City,1/1/2020,9/18/2012,Medium,SMS
JL-15505,Jeremy Lonsdale,East,New York,New York City,1/1/2020,11/14/2011,Medium,SMS
VB-21745,Victoria Brennan,South,Georgia,Columbus,1/1/2020,7/17/2012,Medium,SMS
KW-16435,Katrina Willman,East,New York,New York City,1/1/2020,8/24/2012,Medium,SMS
JD-16060,Julia Dunbar,West,California,San Francisco,1/1/2020,9/24/2011,Medium,Phone
MK-17905,Michael Kennedy,East,Connecticut,Manchester,1/1/2020,11/18/2011,High,SMS
GT-14755,Guy Thornton,Central,Texas,Harlingen,1/1/2020,2/18/2012,Low,Email
AG-10900,Arthur Gainer,West,Arizona,Tucson,1/1/2020,7/23/2011,Low,Email
MM-18280,Muhammed MacIntyre,Central,Illinois,Quincy,1/1/2020,1/21/2011,Low,Email
AR-10405,Allen Rosenblatt,East,Massachusetts,Franklin,1/1/2020,10/3/2011,Medium,Email
RA-19915,Russell Applegate,Central,Texas,Houston,1/1/2020,6/30/2011,High,Email
AS-10285,Alejandro Savely,West,California,San Francisco,1/1/2020,5/22/2013,High,Phone
LA-16780,Laura Armstrong,Central,Michigan,Taylor,1/1/2020,4/29/2011,Medium,SMS
DO-13435,Denny Ordway,South,Florida,Pembroke Pines,1/1/2020,10/3/2011,Medium,Email
DK-13225,Dean Katz,East,Pennsylvania,Philadelphia,1/1/2020,3/14/2011,Low,SMS
NG-18430,Nathan Gelder,East,Ohio,Cincinnati,1/1/2020,11/24/2011,Low,Phone
MV-18190,Mike Vittorini,East,New York,New York City,1/1/2020,1/31/2011,High,Phone
JG-15115,Jack Garza,West,Washington,Des Moines,1/1/2020,9/21/2011,Low,Email
BP-11095,Bart Pistole,Central,Illinois,Peoria,1/1/2020,6/7/2011,Low,SMS
VP-21730,Victor Preis,West,Nevada,Las Vegas,1/1/2020,7/5/2012,Medium,Email
SS-20140,Saphhira Shifley,East,Rhode Island,Warwick,1/1/2020,11/23/2011,Low,Phone
AG-10675,Anna Gayman,Central,Texas,Houston,1/1/2020,5/7/2012,Low,Email
LF-17185,Luke Foster,South,Florida,Miami,1/1/2020,7/26/2011,High,SMS
RF-19840,Roy Französisch,East,New York,New York City,1/1/2020,11/12/2011,Medium,Email
KH-16510,Keith Herrera,West,California,San Francisco,1/1/2020,8/15/2011,Medium,Phone
KC-16675,Kimberly Carter,West,Washington,Seattle,1/1/2020,12/13/2011,Low,SMS
CJ-12010,Caroline Jumper,West,California,Huntington Beach,1/1/2020,3/11/2013,High,Email
PB-19150,Philip Brown,West,California,Los Angeles,1/1/2020,7/14/2011,Low,SMS
MP-17965,Michael Paige,East,Massachusetts,Lawrence,1/1/2020,4/18/2012,Low,Phone
NF-18385,Natalie Fritzler,South,Mississippi,Jackson,1/1/2020,2/12/2011,High,Phone
SD-20485,Shirley Daniels,East,New York,New Rochelle,1/1/2020,1/27/2011,Medium,Phone
KH-16630,Ken Heidel,Central,Texas,San Antonio,1/1/2020,11/1/2011,High,Email
RB-19795,Ross Baird,South,North Carolina,Gastonia,1/1/2020,6/3/2011,High,Email
MK-18160,Mike Kennedy,South,Florida,Jacksonville,1/1/2020,12/19/2011,Medium,SMS
PO-19180,Philisse Overcash,Central,Illinois,Chicago,1/1/2020,8/11/2012,High,SMS
BB-11545,Brenda Bowman,Central,Texas,Houston,1/1/2020,6/5/2012,Low,Phone
TB-21595,Troy Blackwell,Central,Indiana,Columbus,1/1/2020,2/19/2011,High,Phone
RB-19360,Raymond Buch,East,New York,Auburn,1/1/2020,4/2/2013,Low,Phone
EB-13705,Ed Braxton,East,Ohio,Akron,1/1/2020,7/8/2011,High,SMS
SC-20095,Sanjit Chand,West,California,Concord,1/1/2020,2/13/2011,Medium,SMS
TN-21040,Tanja Norvell,West,Arizona,Phoenix,1/1/2020,10/10/2011,High,Email
JS-15940,Joni Sundaresam,Central,Illinois,Park Ridge,1/1/2020,5/3/2011,Low,SMS
MH-17785,Maya Herman,East,New York,Lindenhurst,1/1/2020,5/27/2011,Medium,Phone
JP-15520,Jeremy Pistek,West,California,San Francisco,1/1/2020,8/22/2011,Medium,Phone
JE-15475,Jeremy Ellison,East,New York,Troy,1/1/2020,3/16/2012,Low,Phone
JG-15805,John Grady,East,New York,New York City,1/1/2020,4/5/2011,Low,SMS
XP-21865,Xylona Preis,West,California,San Diego,1/1/2020,1/21/2011,Low,SMS
EM-14065,Erin Mull,East,New York,New York City,1/1/2020,7/22/2011,Low,Email
MT-18070,Michelle Tran,West,California,Los Angeles,1/1/2020,9/25/2011,Medium,SMS
SA-20830,Sue Ann Reed,Central,Illinois,Chicago,1/1/2020,2/23/2011,Medium,Phone
CW-11905,Carl Weiss,Central,Texas,Huntsville,1/1/2020,6/9/2011,Low,SMS
AJ-10960,Astrea Jones,East,New York,Rochester,1/1/2020,9/14/2011,Low,SMS
SS-20590,Sonia Sunley,West,Washington,Seattle,1/1/2020,8/5/2011,Medium,Phone
RO-19780,Rose O'Brian,South,Tennessee,Memphis,1/1/2020,5/12/2012,Medium,Email
MD-17350,Maribeth Dona,South,Arkansas,Fayetteville,1/1/2020,11/5/2011,Low,Email
MY-17380,Maribeth Yedwab,West,Colorado,Parker,1/1/2020,10/26/2012,High,Email
CM-12385,Christopher Martinez,South,Georgia,Atlanta,1/1/2020,3/16/2012,Medium,SMS
LS-17245,Lynn Smith,Central,Missouri,Gladstone,1/1/2020,10/16/2011,Medium,Phone
BN-11515,Bradley Nguyen,West,California,Los Angeles,1/1/2020,3/17/2011,Low,SMS
DB-13210,Dean Braden,Central,Texas,Houston,1/1/2020,3/22/2012,Medium,Phone
MC-17605,Matt Connell,Central,Michigan,Detroit,1/1/2020,3/19/2011,High,Email
BD-11605,Brian Dahlen,East,Massachusetts,Lawrence,1/1/2020,1/14/2011,High,Email
PH-18790,Patricia Hirasaki,South,Florida,Lakeland,1/1/2020,10/22/2014,High,SMS
MG-18145,Mike Gockenbach,East,Pennsylvania,Philadelphia,1/1/2020,3/29/2011,Medium,SMS
KB-16240,Karen Bern,West,California,Los Angeles,1/1/2020,3/31/2011,Medium,Email
JC-15340,Jasper Cacioppo,West,California,Los Angeles,1/1/2020,1/29/2011,Medium,Phone
RL-19615,Rob Lucas,South,Alabama,Montgomery,1/1/2020,12/5/2011,Medium,SMS
AA-10375,Allen Armold,West,Arizona,Mesa,1/1/2020,4/21/2011,Medium,SMS
EP-13915,Emily Phan,Central,Illinois,Chicago,1/1/2020,7/6/2011,High,Phone
DK-12985,Darren Koutras,South,Kentucky,Henderson,1/1/2020,11/24/2011,Medium,Phone
BD-11500,Bradley Drucker,Central,Wisconsin,Green Bay,1/1/2020,2/2/2011,Medium,SMS
LM-17065,Liz MacKendrick,East,Ohio,Springfield,1/1/2020,6/27/2011,Medium,Phone
AS-10135,Adrian Shami,East,New York,New York City,1/1/2020,11/14/2013,Medium,Phone
BD-11320,Bill Donatelli,West,California,San Francisco,1/1/2020,5/31/2012,High,Email
GT-14710,Greg Tran,Central,Texas,Houston,1/1/2020,5/23/2011,Medium,Phone
AJ-10945,Ashley Jarboe,South,North Carolina,Wilmington,1/1/2020,3/3/2011,Low,Phone
OT-18730,Olvera Toch,West,California,Los Angeles,1/1/2020,4/20/2012,Medium,Email
LP-17080,Liz Pelletier,West,California,San Francisco,1/1/2020,6/24/2011,High,Email
CA-12775,Cynthia Arntzen,South,Florida,Tampa,1/1/2020,6/28/2011,Low,SMS
JF-15490,Jeremy Farry,West,Washington,Seattle,1/1/2020,10/19/2011,Medium,Email
FP-14320,Frank Preis,West,California,Los Angeles,1/1/2020,12/7/2011,Medium,SMS
EB-13840,Ellis Ballard,West,Washington,Seattle,1/1/2020,5/30/2011,Low,Phone
JF-15415,Jennifer Ferguson,East,New York,New York City,1/1/2020,6/17/2011,High,SMS
SF-20200,Sarah Foster,West,Washington,Marysville,1/1/2020,12/23/2011,Medium,SMS
TG-21640,Trudy Glocke,West,California,Long Beach,1/1/2020,3/31/2011,Low,Email
CS-11950,Carlos Soltero,Central,Illinois,Chicago,1/1/2020,6/8/2011,Low,Email
CC-12145,Charles Crestani,West,California,Los Angeles,1/1/2020,7/20/2011,Medium,Email
DV-13465,Dianna Vittorini,West,Colorado,Denver,1/1/2020,6/22/2011,Medium,SMS
BD-11725,Bruce Degenhardt,South,Kentucky,Richmond,1/1/2020,7/3/2012,Low,Phone
ZC-21910,Zuschuss Carroll,West,Oregon,Salem,1/1/2020,10/13/2011,Low,Phone
MS-17830,Melanie Seite,Central,Texas,Laredo,1/1/2020,1/10/2011,Low,SMS
LR-16915,Lena Radford,West,California,San Diego,1/1/2020,8/8/2011,Low,SMS
TP-21130,Theone Pippenger,East,Pennsylvania,Philadelphia,1/1/2020,4/14/2012,Medium,SMS
CK-12205,Chloris Kastensmidt,East,Pennsylvania,Philadelphia,1/1/2020,3/11/2011,Medium,Phone
AS-10240,Alan Shonely,South,Florida,Tampa,1/1/2020,3/15/2011,Medium,SMS
AR-10510,Andrew Roberts,East,Pennsylvania,Philadelphia,1/1/2020,5/2/2011,Low,Email
NB-18655,Nona Balk,Central,Texas,Dallas,1/1/2020,12/5/2011,High,SMS
GD-14590,Giulietta Dortch,East,Pennsylvania,Philadelphia,1/1/2020,5/5/2011,Medium,Phone
CK-12595,Clytie Kelty,East,Ohio,Grove City,1/1/2020,12/26/2011,Low,Phone
NG-18355,Nat Gilpin,East,New York,New York City,1/1/2020,11/24/2011,High,Email
CA-12265,Christina Anderson,Central,Illinois,Chicago,1/1/2020,3/25/2011,Medium,Phone
SF-20965,Sylvia Foulston,Central,Michigan,Dearborn,1/1/2020,10/21/2011,High,Phone
MO-17800,Meg O'Connel,East,New York,New York City,1/1/2020,9/17/2012,Medium,SMS
AT-10735,Annie Thurman,West,Washington,Seattle,1/1/2020,8/30/2011,High,Email
FM-14380,Fred McMath,West,Colorado,Aurora,1/1/2020,7/12/2012,Medium,SMS
DJ-13420,Denny Joy,South,Georgia,Warner Robins,1/1/2020,12/8/2011,High,Phone
ME-17725,Max Engle,West,Colorado,Aurora,1/1/2020,7/12/2011,Low,Email
JD-16150,Justin Deggeller,Central,Minnesota,Minneapolis,1/1/2020,11/16/2011,Low,Email
JL-15835,John Lee,West,California,Mission Viejo,1/1/2020,4/18/2011,Medium,SMS
SC-20305,Sean Christensen,Central,Michigan,Rochester Hills,1/1/2020,12/16/2011,Low,SMS
CC-12430,Chuck Clark,Central,Indiana,Columbus,1/1/2020,9/6/2012,High,Phone
AR-10825,Anthony Rawles,West,Washington,Vancouver,1/1/2020,6/30/2011,High,SMS
SR-20740,Steven Roelle,East,New York,New York City,1/1/2020,2/21/2011,High,Phone
CR-12730,Craig Reiter,East,Ohio,Columbus,1/1/2020,8/20/2011,Low,Email
EH-14125,Eugene Hildebrand,Central,Illinois,Aurora,1/1/2020,10/19/2011,Medium,SMS
SP-20545,Sibella Parks,East,New York,New York City,1/1/2020,10/13/2011,Low,Email
TH-21235,Tiffany House,Central,Texas,Dallas,1/1/2020,11/4/2011,Low,SMS
RP-19390,Resi Pölking,East,Ohio,Cleveland,1/1/2020,5/24/2011,High,Phone
RB-19570,Rob Beeghly,Central,Indiana,Columbus,1/1/2020,4/29/2013,High,SMS
CD-11980,Carol Darley,Central,Texas,Tyler,1/1/2020,11/25/2013,Low,Phone
DJ-13630,Doug Jacobs,East,New York,New York City,1/1/2020,12/14/2012,High,Phone
GT-14635,Grant Thornton,South,North Carolina,Burlington,1/1/2020,6/6/2011,Low,SMS
MC-17845,Michael Chen,South,Mississippi,Jackson,1/1/2020,7/5/2011,Medium,SMS
RA-19285,Ralph Arnett,East,New York,New York City,1/1/2020,12/13/2011,High,Phone
NP-18325,Naresj Patel,South,Virginia,Waynesboro,1/1/2020,5/13/2011,High,Phone
AB-10165,Alan Barnes,West,California,Los Angeles,1/1/2020,11/16/2011,Low,Email
JO-15550,Jesus Ocampo,East,Pennsylvania,Chester,1/1/2020,3/19/2012,Low,SMS
JK-15370,Jay Kimmel,West,California,Long Beach,1/1/2020,4/11/2011,Low,Phone
BN-11470,Brad Norvell,South,North Carolina,Cary,1/1/2020,9/12/2011,Medium,Email
DP-13165,David Philippe,East,New York,New York City,1/1/2020,12/2/2011,Medium,SMS
TH-21550,Tracy Hopkins,East,New York,New York City,1/1/2020,4/5/2011,Low,SMS
AP-10915,Arthur Prichep,South,Florida,Palm Coast,1/1/2020,8/23/2011,Low,Phone
RS-19765,Roland Schwarz,East,New York,Mount Vernon,1/1/2020,4/7/2011,High,SMS
SV-20365,Seth Vernon,East,Delaware,Dover,1/1/2020,1/12/2011,Medium,Email
CK-12325,Christine Kargatis,West,Utah,Orem,1/1/2020,3/14/2011,Medium,SMS
RD-19810,Ross DeVincentis,West,California,Los Angeles,1/1/2020,10/27/2011,Medium,Email
MR-17545,Mathew Reese,East,Pennsylvania,Philadelphia,1/1/2020,9/3/2011,High,SMS
SC-20695,Steve Chapman,South,Florida,Hialeah,1/1/2020,12/16/2011,Low,SMS
JF-15355,Jay Fein,Central,Texas,Austin,1/1/2020,10/23/2012,High,Email
EG-13900,Emily Grady,East,New York,Oceanside,1/1/2020,11/2/2012,High,Email
DS-13030,Darrin Sayre,West,Washington,Seattle,1/1/2020,7/9/2011,High,Phone
PO-19195,Phillina Ober,Central,Illinois,Naperville,1/1/2020,1/5/2011,Medium,Email
SS-20875,Sung Shariari,Central,Texas,Dallas,1/1/2020,12/14/2011,High,Phone
PB-19105,Peter Bühler,Central,Illinois,Evanston,1/1/2020,11/15/2011,Medium,Email
RF-19735,Roland Fjeld,Central,Michigan,Trenton,1/1/2020,8/6/2011,Medium,Phone
YC-21895,Yoseph Carroll,West,California,San Francisco,1/1/2020,11/17/2011,High,Phone
DC-13285,Debra Catini,Central,Minnesota,Cottage Grove,1/1/2020,12/29/2011,Low,Email
CP-12340,Christine Phan,East,New York,New York City,1/1/2020,3/17/2011,Low,Email
BF-11020,Barry Französisch,Central,Wisconsin,Green Bay,1/1/2020,2/16/2011,High,SMS
LH-17020,Lisa Hazard,East,Ohio,Columbus,1/1/2020,9/8/2011,Medium,Email
CS-12250,Chris Selesnick,South,Louisiana,Bossier City,1/1/2020,1/14/2011,Medium,Email
AJ-10795,Anthony Johnson,South,Florida,Saint Petersburg,1/1/2020,5/14/2011,High,Email
BV-11245,Benjamin Venier,Central,Iowa,Des Moines,1/1/2020,3/26/2012,High,SMS
DL-12865,Dan Lawera,East,Ohio,Cincinnati,1/1/2020,6/29/2011,Low,SMS
BM-11785,Bryan Mills,East,Ohio,Columbus,1/1/2020,6/6/2011,High,SMS
LT-17110,Liz Thompson,West,California,Lancaster,1/1/2020,6/1/2011,Medium,Email
JK-15730,Joe Kamberova,South,North Carolina,Asheville,1/1/2020,11/18/2011,Low,Phone
ES-14020,Erica Smith,West,California,San Francisco,1/1/2020,9/20/2011,Medium,Phone
RH-19495,Rick Hansen,Central,Minnesota,Rochester,1/1/2020,8/23/2011,High,SMS
CD-11920,Carlos Daly,West,California,Lake Elsinore,1/1/2020,3/24/2011,Low,SMS
HW-14935,Helen Wasserman,West,California,San Diego,1/1/2020,9/27/2012,Low,Phone
MC-18130,Mike Caudle,South,Louisiana,Monroe,1/1/2020,9/19/2011,Low,SMS
GM-14440,Gary McGarr,West,California,San Francisco,1/1/2020,3/21/2011,High,Phone
PJ-19015,Pauline Johnson,West,California,Santa Ana,1/1/2020,4/7/2011,High,SMS
BW-11110,Bart Watters,Central,Wisconsin,Milwaukee,1/1/2020,3/20/2012,Low,SMS
TR-21325,Toby Ritter,East,New Jersey,Belleville,1/1/2020,12/1/2011,High,SMS
PG-18820,Patrick Gardner,West,California,San Francisco,1/1/2020,5/9/2011,High,SMS
JL-15175,James Lanier,South,Tennessee,Columbia,1/1/2020,12/31/2011,Medium,Email
BM-11650,Brian Moss,East,New York,New York City,1/1/2020,7/9/2011,Medium,SMS
EM-14095,Eudokia Martin,West,California,Los Angeles,1/1/2020,8/7/2012,High,SMS
AF-10885,Art Foster,South,Kentucky,Louisville,1/1/2020,5/10/2011,Medium,Phone
GA-14725,Guy Armstrong,East,Ohio,Lorain,1/1/2020,2/12/2011,High,SMS
CK-12760,Cyma Kinney,East,New Jersey,Linden,1/1/2020,2/8/2011,Low,SMS
DP-13105,Dave Poirier,West,California,Salinas,1/1/2020,8/22/2012,High,SMS
BK-11260,Berenike Kampe,East,New York,New York City,1/1/2020,8/3/2011,Low,Phone
SJ-20125,Sanjit Jacobs,East,New Jersey,New Brunswick,1/1/2020,9/22/2012,Medium,SMS
CM-12445,Chuck Magee,West,California,San Francisco,1/1/2020,6/9/2011,Medium,Phone
AJ-10780,Anthony Jacobs,South,Virginia,Springfield,1/1/2020,1/11/2011,High,Phone
LS-16945,Linda Southworth,East,Pennsylvania,Philadelphia,1/1/2020,4/25/2012,Medium,Phone
GP-14740,Guy Phonely,East,Pennsylvania,Lancaster,1/1/2020,4/6/2011,Low,SMS
PK-18910,Paul Knutson,East,Pennsylvania,Philadelphia,1/1/2020,4/4/2011,Low,Email
SM-20005,Sally Matthias,East,New York,New York City,1/1/2020,11/23/2011,High,Phone
AG-10765,Anthony Garverick,East,Pennsylvania,Philadelphia,1/1/2020,9/17/2011,Medium,Phone
PM-19135,Peter McVee,Central,Michigan,Detroit,1/1/2020,12/19/2012,High,Email
LL-16840,Lauren Leatherbury,East,New York,Rochester,1/1/2020,4/29/2011,Low,Phone
JS-15595,Jill Stevenson,West,California,Los Angeles,1/1/2020,3/3/2011,Low,Phone
EL-13735,Ed Ludwig,East,Maryland,Columbia,1/1/2020,4/23/2013,High,Email
PC-18745,Pamela Coakley,West,California,San Francisco,1/1/2020,12/31/2011,Medium,Phone
HL-15040,Hunter Lopez,Central,Texas,Houston,1/1/2020,1/21/2011,Medium,SMS
MS-17365,Maribeth Schnelling,Central,Michigan,Detroit,1/1/2020,9/9/2011,High,Phone
GB-14530,George Bell,East,New York,Auburn,1/1/2020,4/28/2011,Low,Email
JR-16210,Justin Ritter,East,Ohio,Springfield,1/1/2020,9/18/2012,High,Email
BE-11335,Bill Eplett,Central,Michigan,Jackson,1/1/2020,1/15/2013,High,SMS
SC-20050,Sample Company A,East,Connecticut,Norwich,1/1/2020,3/18/2011,Low,SMS
RW-19630,Rob Williams,Central,Texas,Dallas,1/1/2020,6/28/2011,Medium,SMS
SE-20110,Sanjit Engle,East,New York,New York City,1/1/2020,4/11/2011,Medium,SMS
AH-10075,Adam Hart,East,New York,New York City,1/1/2020,11/16/2011,Medium,Phone
JM-15535,Jessica Myrick,East,Pennsylvania,Philadelphia,1/1/2020,9/13/2011,Medium,Email
JJ-15760,Joel Jenkins,South,Virginia,Springfield,1/1/2020,10/5/2012,Medium,Phone
RK-19300,Ralph Kennedy,East,Pennsylvania,Philadelphia,1/1/2020,7/20/2012,Medium,Phone
CG-12040,Catherine Glotzbach,East,Pennsylvania,Philadelphia,1/1/2020,6/1/2012,Medium,Email
RP-19270,Rachel Payne,West,California,Riverside,1/1/2020,10/19/2011,High,SMS
KC-16255,Karen Carlisle,West,California,San Francisco,1/1/2020,9/8/2011,High,Phone
KH-16360,Katherine Hughes,East,Pennsylvania,Philadelphia,1/1/2020,4/29/2011,Medium,Email
GH-14665,Greg Hansen,Central,Texas,Round Rock,1/1/2020,11/17/2012,High,Email
SW-20275,Scott Williamson,South,Mississippi,Jackson,1/1/2020,3/10/2011,Low,Email
JA-15970,Joseph Airdo,West,Arizona,Phoenix,1/1/2020,9/17/2011,Low,Email
DL-12925,Daniel Lacy,West,California,Oceanside,1/1/2020,9/9/2011,Low,Email
LW-16990,Lindsay Williams,West,California,San Francisco,1/1/2020,5/6/2013,High,Phone
TB-21190,Thomas Brumley,South,Arkansas,Fayetteville,1/1/2020,12/27/2011,Medium,Phone
BS-11800,Bryan Spruell,East,New York,New York City,1/1/2020,9/26/2012,High,Phone
RW-19690,Robert Waldorf,South,North Carolina,Wilmington,1/1/2020,5/31/2013,Medium,Phone
TZ-21580,Tracy Zic,West,Colorado,Louisville,1/1/2020,11/11/2011,Medium,Email
AS-10630,Ann Steele,Central,Texas,Pasadena,1/1/2020,8/1/2011,High,SMS
TS-21340,Toby Swindell,Central,Texas,Houston,1/1/2020,1/20/2011,High,Phone
SL-20155,Sara Luxemburg,South,Florida,Jacksonville,1/1/2020,9/21/2011,High,SMS
MW-18235,Mitch Willingham,South,Virginia,Virginia Beach,1/1/2020,5/21/2011,Low,SMS
RD-19585,Rob Dowd,South,Kentucky,Henderson,1/1/2020,4/2/2011,Low,Email
RA-19945,Ryan Akin,West,California,Murrieta,1/1/2020,8/29/2011,Medium,SMS
MT-17815,Meg Tillman,West,Arizona,Scottsdale,1/1/2020,11/6/2012,High,Phone
VG-21790,Vivek Gonzalez,West,California,San Diego,1/1/2020,8/8/2011,Medium,Phone
JS-15880,John Stevenson,West,Washington,Seattle,1/1/2020,4/8/2011,Medium,Email
KM-16225,Kalyca Meade,East,New York,New York City,1/1/2020,7/6/2012,Medium,Phone
HR-14770,Hallie Redmond,West,California,Los Angeles,1/1/2020,3/1/2011,Low,Phone
DE-13255,Deanra Eno,East,Ohio,Springfield,1/1/2020,8/22/2011,Medium,SMS
AG-10390,Allen Goldenen,East,Ohio,Cincinnati,1/1/2020,4/19/2011,Low,Phone
JJ-15445,Jennifer Jackson,West,California,Los Angeles,1/1/2020,3/5/2012,Low,Email
JH-15430,Jennifer Halladay,South,North Carolina,Burlington,1/1/2020,2/25/2011,Medium,SMS
RD-19660,Robert Dilbeck,Central,Missouri,Saint Peters,1/1/2020,4/12/2012,High,Phone
MO-17500,Mary O'Rourke,East,New York,New York City,1/1/2020,11/28/2011,Medium,Phone
NS-18640,Noel Staavos,Central,Illinois,Chicago,1/1/2020,6/25/2011,Medium,Email
DG-13300,Deirdre Greer,East,Pennsylvania,Philadelphia,1/1/2020,11/1/2011,Low,Phone
NF-18595,Nicole Fjeld,East,New York,New York City,1/1/2020,4/19/2011,Low,Phone
MG-17650,Matthew Grinstein,East,Pennsylvania,Philadelphia,1/1/2020,8/9/2011,Medium,Email
TS-21160,Theresa Swint,East,Ohio,Toledo,1/1/2020,4/23/2011,High,Phone
BD-11620,Brian DeCherney,West,California,San Francisco,1/1/2020,6/30/2011,High,SMS
CM-12160,Charles McCrossin,Central,Texas,Brownsville,1/1/2020,10/22/2013,Medium,Email
SN-20560,Skye Norling,West,California,Los Angeles,1/1/2020,6/18/2012,Medium,SMS
EH-14005,Erica Hernandez,West,Colorado,Denver,1/1/2020,5/13/2011,High,Email
FO-14305,Frank Olsen,East,New York,New York City,1/1/2020,6/9/2011,Medium,SMS
MS-17710,Maurice Satty,West,Arizona,Mesa,1/1/2020,3/24/2011,Low,SMS
CC-12100,Chad Cunningham,Central,Indiana,Columbus,1/1/2020,12/16/2011,High,Email
DW-13540,Don Weiss,West,Washington,Seattle,1/1/2020,2/27/2013,Medium,Phone
BT-11395,Bill Tyler,Central,Michigan,Detroit,1/1/2020,10/28/2011,High,Phone
CY-12745,Craig Yedwab,West,California,Oakland,1/1/2020,12/12/2011,High,SMS
BT-11485,Brad Thomas,East,Maryland,Clinton,1/1/2020,12/27/2012,Low,Phone
PS-19045,Penelope Sewall,South,North Carolina,Charlotte,1/1/2020,12/20/2011,Medium,Phone
PV-18985,Paul Van Hugh,West,California,San Francisco,1/1/2020,7/12/2011,High,SMS
NM-18520,Neoma Murray,West,California,Riverside,1/1/2020,9/8/2012,Low,SMS
DL-13495,Dionis Lloyd,West,California,San Francisco,1/1/2020,12/25/2012,Medium,SMS
CS-12355,Christine Sundaresam,South,Georgia,Roswell,1/1/2020,8/15/2011,Medium,Email
FH-14275,Frank Hawley,Central,Indiana,La Porte,1/1/2020,4/6/2011,Low,SMS
NC-18340,Nat Carroll,Central,Michigan,Lansing,1/1/2020,3/30/2011,High,Phone
AA-10315,Alex Avila,Central,Minnesota,Minneapolis,1/1/2020,3/31/2011,Low,Email
LT-16765,Larry Tron,West,California,Escondido,1/1/2020,9/1/2011,High,SMS
AP-10720,Anne Pryor,East,New York,New York City,1/1/2020,3/3/2011,High,SMS
PM-18940,Paul MacIntyre,Central,Michigan,Jackson,1/1/2020,5/4/2011,Medium,SMS
AT-10435,Alyssa Tate,West,California,Los Angeles,1/1/2020,11/24/2011,High,Phone
CA-12055,Cathy Armstrong,Central,Texas,Houston,1/1/2020,9/5/2012,Low,SMS
HR-14830,Harold Ryan,West,Washington,Seattle,1/1/2020,11/24/2011,High,Phone
BT-11530,Bradley Talbott,West,California,Los Angeles,1/1/2020,5/21/2011,Medium,SMS
LH-16750,Larry Hughes,South,North Carolina,Charlotte,1/1/2020,9/21/2011,Low,Phone
SW-20755,Steven Ward,East,New York,New York City,1/1/2020,11/2/2011,Medium,Phone
SP-20620,Stefania Perrino,East,Pennsylvania,Philadelphia,1/1/2020,9/8/2011,Low,Phone
BF-11170,Ben Ferrer,West,California,Los Angeles,1/1/2020,4/13/2011,Low,SMS
KT-16480,Kean Thornton,East,New York,Buffalo,1/1/2020,3/10/2011,Low,SMS
BG-11695,Brooke Gillingham,East,Ohio,Cincinnati,1/1/2020,5/11/2011,High,Email
GM-14680,Greg Matthias,West,Washington,Seattle,1/1/2020,5/10/2011,High,Phone
EJ-14155,Eva Jacobs,South,Mississippi,Gulfport,1/1/2020,3/3/2011,Medium,SMS
NP-18700,Nora Preis,West,California,Fresno,1/1/2020,9/5/2011,Low,Phone
MH-18115,Mick Hernandez,East,Pennsylvania,Chester,1/1/2020,8/24/2013,High,Phone
JR-15700,Jocasta Rupert,South,Florida,Jacksonville,1/1/2020,10/24/2014,High,SMS
SM-20950,Suzanne McNair,South,North Carolina,Greenville,1/1/2020,9/29/2011,Medium,Email
CC-12220,Chris Cortes,Central,Indiana,La Porte,1/1/2020,9/9/2011,Low,SMS
PF-19225,Phillip Flathmann,West,California,San Francisco,1/1/2020,6/27/2013,Medium,Phone
DC-12850,Dan Campbell,South,Alabama,Florence,1/1/2020,7/5/2011,Medium,Email
BD-11770,Bryan Davis,Central,Texas,Houston,1/1/2020,3/11/2013,Low,Email
GM-14500,Gene McClure,East,Rhode Island,Providence,1/1/2020,8/9/2011,Low,Email
TB-21355,Todd Boyes,East,New York,New York City,1/1/2020,1/25/2013,High,SMS
JH-16180,Justin Hirsh,West,Colorado,Pueblo,1/1/2020,5/25/2012,High,SMS
EB-13975,Erica Bern,West,California,Fairfield,1/1/2020,1/4/2013,Low,Email
QJ-19255,Quincy Jones,Central,Minnesota,Saint Paul,1/1/2020,3/17/2011,Low,Email
TC-21535,Tracy Collins,South,Virginia,Arlington,1/1/2020,11/3/2011,High,SMS
CS-12460,Chuck Sachs,South,Georgia,Columbus,1/1/2020,7/4/2014,Low,Email
HG-14965,Henry Goldwyn,West,California,Los Angeles,1/1/2020,9/20/2011,Medium,Phone
LW-16825,Laurel Workman,South,Florida,Deltona,1/1/2020,5/30/2011,Low,SMS
MC-17575,Matt Collins,East,Ohio,Cincinnati,1/1/2020,12/2/2011,Low,Phone
LP-17095,Liz Preis,South,Kentucky,Murray,1/1/2020,6/7/2013,High,Email
EB-14170,Evan Bailliet,South,North Carolina,Wilmington,1/1/2020,9/29/2011,High,Phone
GZ-14545,George Zrebassa,East,Massachusetts,Lawrence,1/1/2020,9/28/2011,Low,Email
CP-12085,Cathy Prescott,East,Connecticut,Norwich,1/1/2020,12/4/2011,High,Phone
FG-14260,Frank Gastineau,West,California,San Francisco,1/1/2020,5/21/2011,Medium,Phone
LD-17005,Lisa DeCherney,West,California,San Francisco,1/1/2020,9/29/2011,High,SMS
AB-10255,Alejandro Ballentine,East,Ohio,Lorain,1/1/2020,7/22/2011,Medium,Email
MN-17935,Michael Nguyen,Central,Texas,Dallas,1/1/2020,2/17/2011,Medium,SMS
JR-15670,Jim Radford,East,Connecticut,Middletown,1/1/2020,12/24/2012,Medium,Phone
JF-15190,Jamie Frazer,West,California,Los Angeles,1/1/2020,11/15/2011,High,Email
CM-12115,Chad McGuire,East,New York,New York City,1/1/2020,3/29/2012,Medium,SMS
AS-10045,Aaron Smayling,South,North Carolina,Jacksonville,1/1/2020,7/27/2011,High,SMS
BP-11290,Beth Paige,Central,Illinois,Evanston,1/1/2020,10/3/2011,Low,SMS
ND-18370,Natalie DeCherney,South,Kentucky,Louisville,1/1/2020,1/14/2011,High,Email
LB-16735,Larry Blacks,Central,Texas,Fort Worth,1/1/2020,7/26/2013,High,Phone
KT-16465,Kean Takahito,West,California,Los Angeles,1/1/2020,9/8/2011,High,Email
HM-14860,Harry Marie,East,Pennsylvania,Philadelphia,1/1/2020,7/21/2011,Medium,SMS
AB-10600,Ann Blume,West,Arizona,Tucson,1/1/2020,11/18/2011,Medium,SMS
SZ-20035,Sam Zeldin,West,California,Pico Rivera,1/1/2020,9/7/2011,Low,SMS
MG-17890,Michael Granlund,East,Maryland,Clinton,1/1/2020,12/29/2011,High,Email
JK-16120,Julie Kriz,Central,Illinois,Aurora,1/1/2020,11/2/2011,Medium,SMS
PP-18955,Paul Prost,South,Georgia,Smyrna,1/1/2020,8/26/2011,Medium,Phone
YS-21880,Yana Sorensen,South,North Carolina,Burlington,1/1/2020,1/12/2012,Low,Phone
KM-16375,Katherine Murray,South,Virginia,Salem,1/1/2020,7/20/2011,High,SMS
AB-10105,Adrian Barton,West,Arizona,Phoenix,1/1/2020,12/20/2011,Low,Email
HA-14905,Helen Abelman,East,New York,New York City,1/1/2020,6/30/2011,Medium,Email
BT-11305,Beth Thompson,West,California,Costa Mesa,1/1/2020,4/25/2011,High,SMS
SV-20815,Stuart Van,Central,Texas,Houston,1/1/2020,5/4/2012,Low,Phone
RW-19540,Rick Wilson,West,Arizona,Mesa,1/1/2020,2/3/2012,Low,Email
DK-12835,Damala Kotsonis,West,California,Salinas,1/1/2020,3/26/2011,Medium,SMS
ST-20530,Shui Tom,East,Ohio,Parma,1/1/2020,2/15/2011,Medium,Email
MM-17920,Michael Moore,West,California,San Francisco,1/1/2020,1/14/2011,Low,Email
PW-19030,Pauline Webber,South,Kentucky,Richmond,1/1/2020,5/16/2011,Low,Phone
SC-20440,Shaun Chance,West,Colorado,Aurora,1/1/2020,8/17/2012,High,Phone
TS-21085,Thais Sissman,West,Arizona,Phoenix,1/1/2020,7/19/2012,Medium,Email
MC-17425,Mark Cousins,South,Alabama,Mobile,1/1/2020,5/30/2011,Low,SMS
ME-17320,Maria Etezadi,South,Georgia,Columbus,1/1/2020,1/7/2011,Medium,Email
NH-18610,Nicole Hansen,Central,Texas,Irving,1/1/2020,3/2/2011,Medium,Phone
MB-18085,Mick Brown,East,New Jersey,Vineland,1/1/2020,1/6/2011,Medium,SMS
KD-16495,Keith Dawkins,East,New York,New York City,1/1/2020,9/28/2011,Low,SMS
KN-16390,Katherine Nockton,West,California,Los Angeles,1/1/2020,12/2/2011,High,SMS
NP-18685,Nora Pelletier,East,New York,Niagara Falls,1/1/2020,3/7/2011,Low,Phone
CS-12505,Cindy Stewart,South,North Carolina,Thomasville,1/1/2020,3/26/2011,Medium,Email
MS-17770,Maxwell Schwartz,East,New York,New York City,1/1/2020,7/4/2011,Medium,Email
CM-12655,Corinna Mitchell,West,California,Los Angeles,1/1/2020,3/19/2012,Low,SMS
Co-12640,Corey-Lock,East,Pennsylvania,Philadelphia,1/1/2020,6/20/2011,Low,SMS
TS-21370,Todd Sumrall,East,New York,New York City,1/1/2020,10/28/2011,Medium,Email
JW-15220,Jane Waco,West,Washington,Vancouver,1/1/2020,4/30/2012,Medium,SMS
JD-15790,John Dryer,Central,Texas,Coppell,1/1/2020,4/2/2012,High,SMS
PC-19000,Pauline Chand,West,California,Los Angeles,1/1/2020,4/8/2011,High,Email
AR-10540,Andy Reiter,East,New York,New York City,1/1/2020,11/25/2011,Medium,SMS
AI-10855,Arianne Irving,East,Pennsylvania,Philadelphia,1/1/2020,4/28/2011,High,Phone
TB-21400,Tom Boeckenhauer,West,Washington,Seattle,1/1/2020,1/22/2011,Low,SMS
PL-18925,Paul Lucas,Central,Illinois,Chicago,1/1/2020,11/1/2011,Low,Email
GH-14425,Gary Hwang,West,Arizona,Tucson,1/1/2020,6/17/2011,High,Email
MP-18175,Mike Pelletier,West,California,Laguna Niguel,1/1/2020,3/28/2011,Medium,SMS
JM-15655,Jim Mitchum,East,New Jersey,Bridgeton,1/1/2020,4/8/2011,Medium,Email
CL-11890,Carl Ludwig,East,Massachusetts,Everett,1/1/2020,7/26/2011,High,Phone
DB-13270,Deborah Brumfield,West,California,San Diego,1/1/2020,2/5/2011,Medium,SMS
IG-15085,Ivan Gibson,West,California,San Diego,1/1/2020,10/18/2011,High,Email
BO-11425,Bobby Odegard,South,Kentucky,Richmond,1/1/2020,9/10/2012,Medium,Phone
AB-10150,Aimee Bixby,East,New York,Long Beach,1/1/2020,3/5/2011,Medium,SMS
JW-16075,Julia West,East,Pennsylvania,Philadelphia,1/1/2020,3/21/2012,Medium,Phone
EB-13750,Edward Becker,West,Washington,Seattle,1/1/2020,3/12/2012,Medium,Email
SG-20470,Sheri Gordon,East,New York,New York City,1/1/2020,7/26/2011,Medium,Phone
CM-12190,Charlotte Melton,East,Pennsylvania,Philadelphia,1/1/2020,9/18/2012,Low,Email
AW-10840,Anthony Witt,Central,Texas,Allen,1/1/2020,4/13/2012,Low,Phone
MC-18100,Mick Crebagga,Central,Texas,El Paso,1/1/2020,6/18/2011,Medium,Phone
TT-21460,Tonja Turnell,Central,Illinois,Aurora,1/1/2020,12/8/2012,High,Phone
VG-21805,Vivek Grady,South,Virginia,Virginia Beach,1/1/2020,9/22/2011,Low,SMS
MY-18295,Muhammed Yedwab,Central,Texas,Grapevine,1/1/2020,4/28/2011,High,SMS
RD-19480,Rick Duston,West,Washington,Olympia,1/1/2020,6/8/2011,Low,Phone
DP-13390,Dennis Pardue,Central,Illinois,Peoria,1/1/2020,7/5/2011,Low,Email
ML-17395,Marina Lichtenstein,West,California,Los Angeles,1/1/2020,2/15/2011,High,Phone
JC-15385,Jenna Caffey,West,Washington,Kent,1/1/2020,7/9/2014,High,Phone
JG-15160,James Galang,West,California,Los Angeles,1/1/2020,5/30/2011,High,Phone
MC-17275,Marc Crier,South,Louisiana,Lafayette,1/1/2020,9/8/2011,Medium,Email
NW-18400,Natalie Webber,West,Oregon,Tigard,1/1/2020,6/21/2011,High,Email
TB-21280,Toby Braunhardt,East,District of Columbia,Washington,1/1/2020,6/21/2011,Medium,Phone
BS-11380,Bill Stewart,Central,Illinois,Skokie,1/1/2020,11/29/2011,Medium,Email
HH-15010,Hilary Holden,West,California,San Francisco,1/1/2020,8/29/2011,Medium,Phone
CD-12280,Christina DeMoss,West,Washington,Seattle,1/1/2020,11/6/2014,High,SMS
TH-21100,Thea Hendricks,West,California,Los Angeles,1/1/2020,9/27/2011,Medium,Email
MM-18055,Michelle Moray,West,Washington,Seattle,1/1/2020,4/11/2011,High,Email
NS-18505,Neola Schneider,Central,Texas,Dallas,1/1/2020,11/25/2013,Medium,SMS
RB-19645,Robert Barroso,West,Nevada,North Las Vegas,1/1/2020,8/23/2011,High,Phone
SW-20455,Shaun Weien,South,Virginia,Suffolk,1/1/2020,6/22/2012,High,Phone
EB-13930,Eric Barreto,West,California,San Francisco,1/1/2020,2/3/2011,Low,Email
PS-18760,Pamela Stobb,West,California,Los Angeles,1/1/2020,6/15/2011,Low,Phone
HF-14995,Herbert Flentye,Central,Indiana,Indianapolis,1/1/2020,5/26/2011,High,Phone
HZ-14950,Henia Zydlo,East,Ohio,Columbus,1/1/2020,3/15/2013,Medium,Phone
CD-12790,Cynthia Delaney,West,California,San Diego,1/1/2020,2/3/2011,Low,SMS
JK-15205,Jamie Kunitz,West,California,San Francisco,1/1/2020,7/11/2011,Low,Email
FM-14215,Filia McAdams,East,Ohio,Dublin,1/1/2020,3/11/2011,Low,Email
ED-13885,Emily Ducich,West,California,San Diego,1/1/2020,8/9/2011,High,Email
DA-13450,Dianna Arnett,Central,Texas,Houston,1/1/2020,4/25/2011,Medium,Email
JW-15955,Joni Wasserman,West,California,Oakland,1/1/2020,8/16/2012,Low,Email
RM-19375,Raymond Messe,Central,Texas,Houston,1/1/2020,5/11/2011,Low,Email
ML-17755,Max Ludwig,South,Virginia,Suffolk,1/1/2020,8/5/2013,Low,Phone
CC-12685,Craig Carroll,South,North Carolina,Greensboro,1/1/2020,3/22/2011,High,SMS
JE-15610,Jim Epp,Central,Wisconsin,Milwaukee,1/1/2020,10/14/2011,High,SMS
RP-19855,Roy Phan,Central,Wisconsin,Kenosha,1/1/2020,4/5/2011,Low,Phone
TB-21175,Thomas Boland,Central,Texas,Houston,1/1/2020,12/8/2011,High,Email
BE-11455,Brad Eason,Central,Kansas,Olathe,1/1/2020,8/2/2012,High,Phone
JF-15565,Jill Fjeld,Central,Texas,Dallas,1/1/2020,10/11/2011,Medium,Phone
PB-19210,Phillip Breyer,Central,Oklahoma,Tulsa,1/1/2020,11/23/2011,Medium,SMS
BT-11680,Brian Thompson,East,Ohio,Newark,1/1/2020,11/28/2011,Low,Phone
JL-15235,Janet Lee,Central,Illinois,Chicago,1/1/2020,5/25/2011,High,Phone
CH-12070,Cathy Hwang,South,North Carolina,Raleigh,1/1/2020,6/25/2012,Low,Email
ND-18460,Neil Ducich,South,Georgia,Macon,1/1/2020,2/7/2011,High,Phone
BF-10975,Barbara Fisher,South,North Carolina,Charlotte,1/1/2020,7/14/2011,Medium,Phone
KH-16330,Katharine Harms,South,Kentucky,Bowling Green,1/1/2020,4/1/2011,Low,Phone
GW-14605,Giulietta Weimer,West,Washington,Seattle,1/1/2020,3/1/2011,Medium,Phone
NC-18625,Noah Childs,West,Colorado,Aurora,1/1/2020,10/29/2011,Low,Phone
ME-18010,Michelle Ellison,West,California,San Francisco,1/1/2020,7/21/2011,High,Phone
BP-11230,Benjamin Patterson,West,Washington,Spokane,1/1/2020,4/20/2011,Medium,SMS
JC-15775,John Castell,Central,Texas,San Antonio,1/1/2020,9/14/2011,Medium,Phone
AS-10090,Adam Shillingsburg,South,Virginia,Charlottesville,1/1/2020,9/22/2011,High,Email
AC-10450,Amy Cox,Central,Minnesota,Minneapolis,1/1/2020,10/31/2011,Medium,Email
MD-17860,Michael Dominguez,Central,Indiana,Indianapolis,1/1/2020,12/2/2011,Low,Email
DB-13660,Duane Benoit,East,New York,Oceanside,1/1/2020,6/17/2011,Low,Email
EH-13990,Erica Hackney,South,Georgia,Roswell,1/1/2020,1/16/2011,Low,Email
EH-13765,Edward Hooks,East,New York,Watertown,1/1/2020,4/12/2011,Medium,Phone
SC-20230,Scot Coram,Central,Texas,Arlington,1/1/2020,6/7/2013,Medium,Phone
JE-15715,Joe Elijah,West,Colorado,Broomfield,1/1/2020,8/25/2011,Medium,Email
AC-10615,Ann Chong,East,New York,New York City,1/1/2020,9/15/2012,High,SMS
JD-16015,Joy Daniels,Central,Illinois,Chicago,1/1/2020,10/4/2011,High,SMS
CB-12415,Christy Brittain,East,Ohio,Columbus,1/1/2020,11/5/2012,Low,SMS
JS-16030,Joy Smith,Central,Texas,Houston,1/1/2020,2/28/2011,Medium,Email
LW-17215,Luke Weiss,West,California,Pasadena,1/1/2020,9/12/2011,Medium,SMS
SC-20800,Stuart Calhoun,Central,Texas,Houston,1/1/2020,12/11/2012,Low,Email
AM-10705,Anne McFarland,South,Alabama,Auburn,1/1/2020,10/31/2011,High,Phone
RH-19510,Rick Huthwaite,East,Rhode Island,Providence,1/1/2020,11/16/2011,Low,Email
CT-11995,Carol Triggs,Central,Minnesota,Rochester,1/1/2020,5/7/2011,High,SMS
MC-17590,Matt Collister,East,New Jersey,Perth Amboy,1/1/2020,5/20/2011,Low,Email
CC-12610,Corey Catlett,East,Pennsylvania,Philadelphia,1/1/2020,8/27/2011,Medium,Email
KA-16525,Kelly Andreada,West,California,Ontario,1/1/2020,3/11/2011,Low,SMS
TC-20980,Tamara Chand,West,Washington,Seattle,1/1/2020,11/7/2011,Low,Email
BF-11080,Bart Folk,East,Maryland,Baltimore,1/1/2020,11/28/2011,Medium,Email
MM-17260,Magdelene Morse,East,Delaware,Wilmington,1/1/2020,5/28/2011,Medium,Email
AH-10120,Adrian Hane,West,Arizona,Tucson,1/1/2020,7/18/2011,Low,Phone
BW-11200,Ben Wallace,South,Florida,Boynton Beach,1/1/2020,8/12/2011,High,SMS
SW-20245,Scot Wooten,West,California,Stockton,1/1/2020,7/20/2011,Low,Email
BS-11665,Brian Stugart,East,Pennsylvania,Philadelphia,1/1/2020,6/23/2011,High,SMS
RF-19345,Randy Ferguson,East,New Hampshire,Dover,1/1/2020,5/20/2011,Medium,Phone
WB-21850,William Brown,East,Pennsylvania,Philadelphia,1/1/2020,11/4/2011,Medium,SMS
TB-21625,Trudy Brown,Central,Texas,Grand Prairie,1/1/2020,8/6/2011,Medium,SMS
AF-10870,Art Ferguson,Central,Texas,College Station,1/1/2020,12/6/2012,Medium,Email
RB-19435,Richard Bierner,Central,Missouri,Saint Louis,1/1/2020,3/11/2011,Low,SMS
KF-16285,Karen Ferguson,West,California,Manteca,1/1/2020,9/26/2011,High,Phone
JH-15820,John Huston,East,Ohio,Kent,1/1/2020,5/19/2011,Low,SMS
IL-15100,Ivan Liston,West,California,San Francisco,1/1/2020,8/1/2011,Medium,Email
PB-18805,Patrick Bzostek,West,Utah,Salt Lake City,1/1/2020,11/20/2012,High,SMS
RH-19600,Rob Haberlin,South,Alabama,Huntsville,1/1/2020,7/2/2012,High,Phone
AW-10930,Arthur Wiediger,Central,Illinois,Aurora,1/1/2020,7/14/2011,Low,Phone
ML-17410,Maris LaWare,East,Connecticut,Fairfield,1/1/2020,11/14/2011,High,Phone
DB-13555,Dorothy Badders,South,Florida,Jacksonville,1/1/2020,4/21/2011,Low,Email
MH-17620,Matt Hagelstein,West,California,San Francisco,1/1/2020,12/5/2012,Low,Phone
DK-13375,Dennis Kane,East,Ohio,Marion,1/1/2020,9/7/2011,High,Phone
BT-11440,Bobby Trafton,West,Colorado,Littleton,1/1/2020,6/4/2011,Medium,Email
DB-13405,Denny Blanton,Central,Indiana,La Porte,1/1/2020,8/8/2012,Medium,Email
TG-21310,Toby Gnade,West,California,Los Angeles,1/1/2020,3/9/2012,Medium,SMS
BF-11005,Barry Franz,West,California,Pasadena,1/1/2020,9/25/2011,Medium,Email
JM-16195,Justin MacKendrick,West,California,Los Angeles,1/1/2020,4/30/2011,Low,Phone
MZ-17335,Maria Zettner,West,California,San Diego,1/1/2020,11/8/2012,High,Phone
MW-18220,Mitch Webber,East,New York,New York City,1/1/2020,8/25/2011,Low,SMS
MV-17485,Mark Van Huff,South,Virginia,Arlington,1/1/2020,1/21/2011,High,Email
SM-20320,Sean Miller,South,North Carolina,Monroe,1/1/2020,3/18/2011,Medium,SMS
TP-21415,Tom Prescott,West,Washington,Seattle,1/1/2020,11/28/2012,Medium,Email
JK-15625,Jim Karlsson,West,Washington,Seattle,1/1/2020,5/31/2011,Low,SMS
PJ-18835,Patrick Jones,South,Tennessee,Murfreesboro,1/1/2020,5/28/2011,High,Email
RS-19420,Ricardo Sperren,West,Washington,Seattle,1/1/2020,8/5/2011,Medium,Phone
SV-20935,Susan Vittorini,East,New York,New York City,1/1/2020,3/20/2013,Low,SMS
BC-11125,Becky Castell,West,Arizona,Peoria,1/1/2020,7/6/2011,Medium,Phone
EM-13825,Elizabeth Moffitt,Central,South Dakota,Sioux Falls,1/1/2020,12/2/2011,Medium,SMS
BM-11575,Brendan Murry,East,New York,New York City,1/1/2020,9/15/2012,Medium,SMS
KN-16705,Kristina Nunn,West,Colorado,Fort Collins,1/1/2020,3/2/2011,Medium,Phone
KW-16570,Kelly Williams,South,Tennessee,Clarksville,1/1/2020,9/30/2011,Low,Phone
SC-20260,Scott Cohen,West,California,San Francisco,1/1/2020,4/6/2011,High,Email
CV-12295,Christina VanderZanden,West,California,Fresno,1/1/2020,3/28/2011,Low,Phone
SG-20605,Speros Goranitis,East,New York,New York City,1/1/2020,1/24/2011,Low,Email
TM-21010,Tamara Manning,West,California,San Francisco,1/1/2020,2/22/2011,Medium,Phone
EM-13810,Eleni McCrary,West,California,Los Angeles,1/1/2020,6/7/2012,High,Email
ML-18040,Michelle Lonsdale,West,New Mexico,Albuquerque,1/1/2020,3/27/2014,Medium,Email
CR-12580,Clay Rozendal,Central,Illinois,Elmhurst,1/1/2020,4/19/2013,High,Phone
AZ-10750,Annie Zypern,East,New York,New York City,1/1/2020,3/17/2011,High,Phone
PW-19240,Pierre Wener,West,Colorado,Louisville,1/1/2020,11/18/2011,Low,Phone
SC-20380,Shahid Collister,West,Washington,Seattle,1/1/2020,3/1/2011,Medium,SMS
CM-11935,Carlos Meador,South,North Carolina,Fayetteville,1/1/2020,9/24/2012,Low,Phone
GM-14695,Greg Maxwell,West,California,Los Angeles,1/1/2020,4/5/2011,High,SMS
TB-21250,Tim Brockman,East,New York,New York City,1/1/2020,12/8/2011,Low,Email
JM-15865,John Murray,East,New York,Jamestown,1/1/2020,11/19/2011,High,Phone
SC-20575,Sonia Cooley,Central,Indiana,Mishawaka,1/1/2020,6/16/2011,Medium,Email
LS-17200,Luke Schmidt,Central,Illinois,Skokie,1/1/2020,10/18/2011,Low,Phone
RR-19315,Ralph Ritter,West,California,San Francisco,1/1/2020,11/15/2013,Low,SMS
DB-12910,Daniel Byrd,South,Florida,Tampa,1/1/2020,10/24/2011,Low,Phone
TT-21220,Thomas Thornton,Central,Texas,Houston,1/1/2020,9/23/2011,Medium,Email
LO-17170,Lori Olson,West,California,La Quinta,1/1/2020,2/6/2012,Low,Phone
KD-16615,Ken Dana,West,Arizona,Scottsdale,1/1/2020,9/13/2012,Medium,SMS
NB-18580,Nicole Brennan,East,Pennsylvania,Philadelphia,1/1/2020,9/26/2011,High,Phone
BD-11635,Brian Derr,South,Kentucky,Bowling Green,1/1/2020,10/5/2011,High,Phone
CM-12235,Chris McAfee,Central,Texas,Carrollton,1/1/2020,5/2/2013,Low,Phone
EN-13780,Edward Nazzal,East,New York,New York City,1/1/2020,5/30/2012,Low,Phone
KN-16450,Kean Nguyen,South,Florida,Jacksonville,1/1/2020,4/12/2011,High,Email
BO-11350,Bill Overfelt,West,California,Los Angeles,1/1/2020,1/3/2013,Low,Phone
AG-10300,Aleksandra Gannaway,West,California,Los Angeles,1/1/2020,4/26/2011,Low,SMS
MC-17635,Matthew Clasen,Central,Missouri,Saint Louis,1/1/2020,11/28/2011,Medium,Email
TA-21385,Tom Ashbrook,East,New York,New York City,1/1/2020,9/12/2011,Low,Phone
JF-15295,Jason Fortune-,West,Washington,Seattle,1/1/2020,3/14/2011,High,Phone
TT-21265,Tim Taslimi,West,California,Los Angeles,1/1/2020,8/15/2012,Low,Email
SB-20170,Sarah Bern,East,New York,New York City,1/1/2020,6/6/2011,Medium,SMS
CL-12700,Craig Leslie,Central,Missouri,Springfield,1/1/2020,4/25/2013,Low,SMS
HG-15025,Hunter Glantz,Central,Texas,Amarillo,1/1/2020,10/14/2011,High,Email
NL-18310,Nancy Lomonaco,West,California,Los Angeles,1/1/2020,10/31/2011,High,Email
RR-19525,Rick Reed,East,Massachusetts,Lowell,1/1/2020,9/9/2011,Medium,SMS
TC-21295,Toby Carlisle,West,California,San Diego,1/1/2020,10/14/2011,High,Phone
SV-20785,Stewart Visinsky,West,Colorado,Pueblo,1/1/2020,4/12/2011,Medium,Phone
BE-11410,Bobby Elias,East,Ohio,Lancaster,1/1/2020,2/7/2013,Low,Phone
SC-20680,Steve Carroll,South,Georgia,Columbus,1/1/2020,11/21/2011,High,SMS
DF-13135,David Flashing,West,California,Vallejo,1/1/2020,10/4/2011,High,Phone
FH-14350,Fred Harton,West,Washington,Seattle,1/1/2020,8/23/2012,Low,Email
MS-17530,MaryBeth Skach,West,California,San Diego,1/1/2020,11/4/2011,Low,SMS
RH-19555,Ritsa Hightower,South,Florida,Tallahassee,1/1/2020,12/4/2012,Medium,Phone
GA-14515,George Ashbrook,West,California,San Francisco,1/1/2020,5/18/2011,High,SMS
JP-16135,Julie Prescott,South,Georgia,Columbus,1/1/2020,9/23/2011,Low,SMS
Dp-13240,Dean percer,West,Utah,Murray,1/1/2020,5/26/2011,High,SMS
MO-17950,Michael Oakman,Central,Texas,Dallas,1/1/2020,4/2/2012,Low,Phone
DL-13330,Denise Leinenbach,West,New Mexico,Las Cruces,1/1/2020,6/23/2011,Medium,Phone
MH-18025,Michelle Huthwaite,West,Washington,Seattle,1/1/2020,7/8/2011,Low,Phone
DR-12940,Daniel Raglin,East,Massachusetts,Franklin,1/1/2020,3/28/2011,High,Phone
DM-13015,Darrin Martin,West,California,Encinitas,1/1/2020,9/14/2011,Low,SMS
CA-11965,Carol Adams,South,Alabama,Hoover,1/1/2020,1/27/2011,High,Phone
AC-10660,Anna Chung,Central,Texas,Huntsville,1/1/2020,10/15/2011,Medium,SMS
DM-13345,Denise Monton,South,Georgia,Roswell,1/1/2020,11/3/2011,Medium,Phone
VF-21715,Vicky Freymann,Central,Indiana,Columbus,1/1/2020,3/1/2011,Medium,Email
CC-12370,Christopher Conant,South,North Carolina,Fayetteville,1/1/2020,5/24/2013,Low,Email
BF-11275,Beth Fritzler,West,Arizona,Tucson,1/1/2020,3/22/2011,High,SMS
HG-14845,Harry Greene,South,Louisiana,Lake Charles,1/1/2020,4/29/2011,High,Email
BP-11155,Becky Pak,South,Georgia,Columbus,1/1/2020,6/4/2012,High,SMS
EM-14140,Eugene Moren,West,Arizona,Glendale,1/1/2020,7/19/2011,Low,SMS
MA-17995,Michelle Arnett,East,New York,Watertown,1/1/2020,9/20/2011,Medium,Email
AY-10555,Andy Yotov,West,California,Oceanside,1/1/2020,4/6/2011,High,Phone
GB-14575,Giulietta Baptist,East,Pennsylvania,Philadelphia,1/1/2020,6/12/2012,High,SMS
JB-16045,Julia Barnett,South,Georgia,Columbus,1/1/2020,5/3/2012,Low,Email
MG-17875,Michael Grace,East,New York,New York City,1/1/2020,2/24/2011,Medium,Phone
SR-20425,Sharelle Roach,West,Colorado,Louisville,1/1/2020,6/14/2011,High,Phone
JB-16000,Joy Bell-,Central,Texas,Brownsville,1/1/2020,1/10/2013,Medium,Email
DM-12955,Dario Medina,Central,Michigan,Lincoln Park,1/1/2020,9/30/2011,Medium,Email
TC-21475,Tony Chapman,South,Georgia,Columbus,1/1/2020,11/22/2011,Low,Phone
SW-20350,Sean Wendt,Central,Michigan,Detroit,1/1/2020,4/10/2013,Low,SMS
RE-19450,Richard Eichhorn,Central,Texas,Dallas,1/1/2020,6/3/2011,Low,Email
BF-11215,Benjamin Farhat,West,New Mexico,Albuquerque,1/1/2020,11/9/2011,High,SMS
KB-16405,Katrina Bavinger,West,California,Apple Valley,1/1/2020,11/20/2012,Low,Email
JG-15310,Jason Gross,East,Rhode Island,Providence,1/1/2020,3/4/2013,Medium,Email
EC-14050,Erin Creighton,East,New York,New York City,1/1/2020,12/17/2011,High,Phone
EB-14110,Eugene Barchas,East,Pennsylvania,Philadelphia,1/1/2020,4/13/2012,Low,SMS
JP-15460,Jennifer Patt,East,New York,Oceanside,1/1/2020,8/24/2011,Low,SMS
CS-11845,Cari Sayre,West,Washington,Seattle,1/1/2020,12/14/2011,Medium,Email
GH-14410,Gary Hansen,West,Arizona,Glendale,1/1/2020,7/9/2011,Low,Email
PT-19090,Pete Takahito,Central,Texas,Houston,1/1/2020,9/12/2011,Medium,Email
JL-15130,Jack Lebron,Central,Texas,Houston,1/1/2020,7/18/2011,Low,Email
AH-10030,Aaron Hawkins,East,Pennsylvania,Philadelphia,1/1/2020,4/22/2011,Low,Email
CC-12475,Cindy Chapman,East,New York,New York City,1/1/2020,5/16/2011,Medium,Email
DW-13195,David Wiener,Central,Texas,Houston,1/1/2020,1/19/2011,High,Email
SJ-20215,Sarah Jordon,Central,Texas,Grand Prairie,1/1/2020,2/9/2012,Medium,SMS
BG-11740,Bruce Geld,East,Pennsylvania,Philadelphia,1/1/2020,3/23/2011,High,SMS
LB-16795,Laurel Beltran,Central,Illinois,Highland Park,1/1/2020,4/23/2011,High,Phone
CM-11815,Candace McMahon,Central,Texas,Pasadena,1/1/2020,11/14/2011,Medium,SMS
EH-14185,Evan Henry,South,Alabama,Decatur,1/1/2020,5/22/2011,Low,SMS
TS-21505,Tony Sayre,South,Tennessee,Columbia,1/1/2020,12/20/2011,High,Email
PR-18880,Patrick Ryan,West,California,Oakland,1/1/2020,9/5/2011,High,SMS
LC-17050,Liz Carlisle,West,California,Mission Viejo,1/1/2020,2/1/2011,High,Email
CS-12490,Cindy Schnelling,Central,Texas,Conroe,1/1/2020,1/12/2012,Low,Email
DH-13075,Dave Hallsten,South,Kentucky,Richmond,1/1/2020,11/21/2011,High,Phone
JO-15145,Jack O'Briant,East,Pennsylvania,Philadelphia,1/1/2020,1/7/2011,Low,Phone
AH-10690,Anna Häberlin,East,New York,New York City,1/1/2020,4/2/2011,Low,Email
HJ-14875,Heather Jas,South,Florida,Jacksonville,1/1/2020,4/13/2012,High,SMS
MH-17455,Mark Hamilton,South,North Carolina,Jacksonville,1/1/2020,7/11/2011,High,Email
RD-19930,Russell D'Ascenzo,Central,Texas,Austin,1/1/2020,10/3/2011,Low,SMS
SC-20020,Sam Craven,Central,Texas,Plano,1/1/2020,3/3/2011,High,Phone
SU-20665,Stephanie Ulpright,South,Mississippi,Jackson,1/1/2020,12/5/2012,Low,SMS
FC-14335,Fred Chung,Central,Texas,Mesquite,1/1/2020,10/10/2011,High,SMS
RB-19330,Randy Bradley,East,Pennsylvania,Philadelphia,1/1/2020,11/17/2011,High,Email
NC-18535,Nick Crebassa,Central,Texas,Dallas,1/1/2020,7/23/2011,Low,Phone
DB-12970,Darren Budd,West,California,Los Angeles,1/1/2020,11/12/2011,High,Phone
MF-17665,Maureen Fritzler,East,Ohio,Toledo,1/1/2020,12/30/2011,High,SMS
RM-19750,Roland Murray,East,New York,New York City,1/1/2020,3/7/2014,High,SMS
VM-21835,Vivian Mathis,East,Delaware,Newark,1/1/2020,3/22/2011,Medium,SMS
EJ-13720,Ed Jacobs,West,California,San Diego,1/1/2020,1/28/2011,High,Phone
NC-18415,Nathan Cano,South,North Carolina,Jacksonville,1/1/2020,5/3/2011,High,Phone
LS-17230,Lycoris Saunders,East,Delaware,Dover,1/1/2020,1/7/2011,Low,SMS
KE-16420,Katrina Edelman,South,Tennessee,Bristol,1/1/2020,4/3/2011,Medium,SMS
DH-13675,Duane Huffman,East,Massachusetts,Quincy,1/1/2020,8/12/2011,Medium,Phone
PF-19120,Peter Fuller,West,Arizona,Gilbert,1/1/2020,5/5/2011,Low,Email
VT-21700,Valerie Takahito,East,Pennsylvania,Philadelphia,1/1/2020,6/6/2011,High,Phone
MG-17695,Maureen Gnade,East,New York,Buffalo,1/1/2020,12/26/2011,Low,Email
SP-20920,Susan Pistek,West,California,Los Angeles,1/1/2020,11/22/2011,Low,Phone
CS-12175,Charles Sheldon,South,Tennessee,Columbia,1/1/2020,8/12/2011,High,SMS
DK-12895,Dana Kaydos,Central,Wisconsin,Kenosha,1/1/2020,3/8/2012,Medium,Email
KM-16660,Khloe Miller,South,Georgia,Roswell,1/1/2020,12/22/2011,Low,Phone
AA-10645,Anna Andreadi,East,Pennsylvania,Chester,1/1/2020,6/22/2011,Medium,Email
DD-13570,Dorothy Dickinson,Central,Texas,Houston,1/1/2020,3/31/2011,Low,SMS
AH-10465,Amy Hunt,East,New York,New York City,1/1/2020,1/3/2012,High,SMS
TP-21565,Tracy Poddar,West,Colorado,Aurora,1/1/2020,3/1/2012,Low,SMS
EK-13795,Eileen Kiefer,West,California,Santa Ana,1/1/2020,3/18/2011,High,Phone
CR-12820,Cyra Reiten,East,New York,New York City,1/1/2020,1/24/2012,High,SMS
SG-20890,Susan Gilcrest,Central,Texas,Mcallen,1/1/2020,3/30/2011,High,SMS
AH-10585,Angele Hood,Central,Illinois,Chicago,1/1/2020,10/26/2011,Low,SMS
NF-18475,Neil Französisch,Central,Illinois,Rockford,1/1/2020,3/14/2011,High,Email
BS-11365,Bill Shonely,East,New York,New York City,1/1/2020,5/4/2011,Medium,Email
SH-20635,Stefanie Holloman,South,Tennessee,Jackson,1/1/2020,12/16/2011,Medium,Email
RD-19720,Roger Demir,South,Florida,Daytona Beach,1/1/2020,7/20/2011,Medium,SMS
AG-10330,Alex Grayson,West,California,Stockton,1/1/2020,8/4/2013,High,SMS
GR-14560,Georgia Rosenberg,West,California,San Francisco,1/1/2020,11/19/2011,Medium,Phone
VS-21820,Vivek Sundaresam,West,California,Los Angeles,1/1/2020,1/8/2011,Low,Phone
TM-21490,Tony Molinari,Central,Oklahoma,Oklahoma City,1/1/2020,3/31/2014,High,SMS
TS-21430,Tom Stivers,West,California,Los Angeles,1/1/2020,7/30/2011,Medium,Phone
DB-13360,Dennis Bolton,East,New York,New York City,1/1/2020,11/19/2011,High,SMS
NR-18550,Nick Radford,Central,Illinois,Aurora,1/1/2020,6/7/2011,Medium,SMS
CS-11860,Cari Schnelling,South,North Carolina,Jacksonville,1/1/2020,5/2/2011,Medium,SMS
MF-18250,Monica Federle,West,California,Los Angeles,1/1/2020,9/15/2011,High,SMS
LW-17125,Liz Willingham,East,Connecticut,Norwich,1/1/2020,9/11/2011,Low,SMS
AR-10345,Alex Russell,East,Massachusetts,Lawrence,1/1/2020,12/30/2011,Low,Phone
KS-16300,Karen Seio,West,Utah,Lehi,1/1/2020,1/13/2012,Medium,Phone
AB-10015,Aaron Bergman,West,Washington,Seattle,1/1/2020,2/19/2011,Medium,Email
LR-17035,Lisa Ryan,East,Pennsylvania,Philadelphia,1/1/2020,9/7/2011,Medium,Email
SS-20410,Shahid Shariari,West,California,Los Angeles,1/1/2020,5/30/2011,Medium,SMS
JM-15580,Jill Matthias,South,North Carolina,Monroe,1/1/2020,4/15/2013,Low,Email
JK-15325,Jason Klamczynski,Central,Texas,Dallas,1/1/2020,11/21/2011,Low,SMS
DM-13525,Don Miller,Central,Texas,Houston,1/1/2020,7/5/2011,Medium,SMS
ML-18265,Muhammed Lee,West,Washington,Seattle,1/1/2020,5/31/2012,Low,Email
MH-17290,Marc Harrigan,West,California,Los Angeles,1/1/2020,4/26/2011,High,SMS
FC-14245,Frank Carlisle,East,Ohio,Lakewood,1/1/2020,6/13/2012,Medium,Email
TH-21115,Thea Hudgings,East,Pennsylvania,Philadelphia,1/1/2020,9/23/2011,Low,SMS
JK-16090,Juliana Krohn,Central,Nebraska,Omaha,1/1/2020,4/21/2012,Low,Phone
SB-20185,Sarah Brown,East,New Hampshire,Concord,1/1/2020,9/20/2011,Low,Phone
BG-11035,Barry Gonzalez,South,Louisiana,Monroe,1/1/2020,11/5/2011,High,Email
BW-11065,Barry Weirich,South,North Carolina,Raleigh,1/1/2020,5/25/2011,Medium,Phone
MG-18205,Mitch Gastineau,South,Florida,Jacksonville,1/1/2020,4/11/2014,High,SMS
DO-13645,Doug O'Connell,West,California,Los Angeles,1/1/2020,11/7/2012,High,Email
BP-11050,Barry Pond,East,Rhode Island,Cranston,1/1/2020,10/12/2011,Low,SMS
TS-21655,Trudy Schmidt,Central,Wisconsin,Milwaukee,1/1/2020,2/6/2012,High,Email
EM-14200,Evan Minnotte,South,Virginia,Virginia Beach,1/1/2020,12/20/2012,Medium,Email
AO-10810,Anthony O'Donnell,West,California,Los Angeles,1/1/2020,8/17/2013,High,Phone
MH-17440,Mark Haberlin,East,New York,New York City,1/1/2020,2/5/2011,Low,Phone
SS-20515,Shirley Schmidt,South,Kentucky,Louisville,1/1/2020,7/14/2011,Medium,SMS
LD-16855,Lela Donovan,Central,Illinois,Chicago,1/1/2020,6/27/2013,Low,Email
VP-21760,Victoria Pisteka,West,California,San Francisco,1/1/2020,9/6/2011,Medium,Email
TC-21145,Theresa Coyne,East,New Jersey,Lakewood,1/1/2020,9/16/2014,Medium,SMS
IM-15055,Ionia McGrath,West,California,Roseville,1/1/2020,1/24/2011,Low,Phone
AR-10570,Anemone Ratner,South,Georgia,Columbus,1/1/2020,7/15/2013,Low,Phone
CM-12715,Craig Molinari,Central,Texas,Huntsville,1/1/2020,3/7/2011,Low,Email
FW-14395,Fred Wasserman,South,Alabama,Huntsville,1/1/2020,3/22/2012,Low,SMS
LC-16960,Lindsay Castell,South,Virginia,Arlington,1/1/2020,2/23/2012,High,Phone
HE-14800,Harold Engle,Central,Illinois,Chicago,1/1/2020,1/30/2013,High,SMS
BD-11560,Brendan Dodson,West,California,Fresno,1/1/2020,5/30/2012,Medium,Email
HD-14785,Harold Dahlen,East,Pennsylvania,Philadelphia,1/1/2020,5/11/2011,High,Phone
CJ-11875,Carl Jackson,East,Pennsylvania,Philadelphia,1/1/2020,12/31/2013,Low,Phone
RS-19870,Roy Skaria,Central,Iowa,Burlington,1/1/2020,6/8/2013,Low,SMS
SC-20845,Sung Chung,Central,Illinois,Arlington Heights,1/1/2020,11/12/2013,High,Phone
RE-19405,Ricardo Emerson,East,Ohio,Kent,1/1/2020,12/29/2011,Medium,SMS
SM-20905,Susan MacKendrick,East,Ohio,Newark,1/1/2020,5/4/2013,Low,Email
