ProductID,ProductName,Category,UnitPrice,SatisfactionScore,SupplierName
2000,Electronics-Be,Electronics,969.31,7,PrimeSource Ltd.
2001,Electronics-Be,Clothing,412.35,4,FreshMart Co.
2002,Office-Family,Clothing,866,8,GlobalTech Supplies
2003,Electronics-Training,Clothing,385.18,5,EcoHome Goods
2004,Office-Where,Home,927.25,7,UrbanStyle Traders
2005,Office-Huge,Home,428.78,10,PrimeSource Ltd.
2006,Office-Class,Clothing,198,3,UrbanStyle Traders
2007,Clothing-Over,Electronics,583.39,7,UrbanStyle Traders
2008,Electronics-Skin,Home,66.59,8,GlobalTech Supplies
2009,Office-Raise,Clothing,66.31,5,UrbanStyle Traders
2010,Electronics-Themselves,Clothing,77.84,4,EcoHome Goods
2011,Electronics-Religious,Clothing,409.74,8,UrbanStyle Traders
2012,Clothing-Artist,Electronics,623.19,8,GlobalTech Supplies
2013,Office-Cultural,Home,935.36,3,EcoHome Goods
2014,Clothing-Eat,Home,246.3,6,FreshMart Co.
2015,Office-Itself,Clothing,674.97,5,UrbanStyle Traders
2016,Home-He,Office,323.02,2,GlobalTech Supplies
2017,Electronics-Feeling,Electronics,463.7,8,FreshMart Co.
2018,Electronics-Nature,Electronics,542.26,6,FreshMart Co.
2019,Home-History,Clothing,933.93,2,PrimeSource Ltd.
2020,Electronics-Share,Clothing,375.83,5,EcoHome Goods
2021,Clothing-Skill,Office,835.41,1,UrbanStyle Traders
2022,Home-Economy,Electronics,671.18,10,GlobalTech Supplies
2023,Home-Yeah,Electronics,939.54,6,PrimeSource Ltd.
2024,Clothing-Paper,Home,124.27,9,EcoHome Goods
2025,Electronics-Assume,Clothing,279.62,1,PrimeSource Ltd.
2026,Clothing-Use,Home,211.56,10,EcoHome Goods
2027,Home-Purpose,Office,258.61,3,EcoHome Goods
2028,Electronics-Take,Electronics,637.94,7,UrbanStyle Traders
2029,Home-Yourself,Electronics,13.51,4,EcoHome Goods
2030,Clothing-First,Home,169.97,9,PrimeSource Ltd.
2031,Office-Develop,Office,565.3,3,EcoHome Goods
2032,Electronics-There,Electronics,945.6,5,UrbanStyle Traders
2033,Clothing-Argue,Electronics,836.25,3,UrbanStyle Traders
2034,Clothing-Feel,Office,136.17,7,PrimeSource Ltd.
2035,Home-According,Home,899.99,5,FreshMart Co.
2036,Electronics-Candidate,Home,217.98,9,FreshMart Co.
2037,Clothing-Meeting,Electronics,360.14,7,EcoHome Goods
2038,Office-Soon,Clothing,926.51,2,GlobalTech Supplies
2039,Clothing-Need,Clothing,976.44,4,EcoHome Goods
2040,Clothing-Determine,Office,34.54,9,PrimeSource Ltd.
2041,Home-Assume,Office,804.21,2,PrimeSource Ltd.
2042,Clothing-Lawyer,Home,167.61,10,PrimeSource Ltd.
2043,Electronics-Practice,Office,873.45,9,PrimeSource Ltd.
2044,Office-Society,Clothing,207.58,10,PrimeSource Ltd.
2045,Office-Next,Home,312.14,5,UrbanStyle Traders
2046,Clothing-Worry,Clothing,33.43,2,FreshMart Co.
2047,Clothing-Hair,Office,334.98,4,PrimeSource Ltd.
2048,Electronics-Candidate,Home,357.63,7,GlobalTech Supplies
2049,Office-Easy,Home,939.84,8,GlobalTech Supplies
2050,Electronics-Young,Home,186.78,3,GlobalTech Supplies
2051,Home-Century,Electronics,117.32,1,GlobalTech Supplies
2052,Office-Year,Home,731.26,4,UrbanStyle Traders
2053,Home-Ground,Office,610.15,2,GlobalTech Supplies
2054,Electronics-Above,Office,900.51,8,PrimeSource Ltd.
2055,Clothing-Politics,Home,53.94,4,EcoHome Goods
2056,Office-About,Electronics,524.72,2,GlobalTech Supplies
2057,Clothing-Identify,Home,436.98,6,UrbanStyle Traders
2058,Home-Wear,Home,666.75,6,UrbanStyle Traders
2059,Electronics-Clear,Home,512.05,10,GlobalTech Supplies
2060,Office-Term,Home,408.38,4,EcoHome Goods
2061,Home-Quite,Clothing,199.92,6,GlobalTech Supplies
2062,Office-Receive,Clothing,619.36,2,UrbanStyle Traders
2063,Home-Good,Office,552.46,10,FreshMart Co.
2064,Electronics-Stop,Home,294.04,2,PrimeSource Ltd.
2065,Office-Animal,Home,470.34,10,UrbanStyle Traders
2066,Office-Occur,Clothing,516.06,4,GlobalTech Supplies
2067,Clothing-Remain,Electronics,290.95,8,PrimeSource Ltd.
2068,Home-Read,Electronics,820.24,7,GlobalTech Supplies
2069,Clothing-Garden,Home,232.39,9,GlobalTech Supplies
2070,Clothing-About,Clothing,34.18,8,FreshMart Co.
2071,Clothing-Success,Office,615.16,5,PrimeSource Ltd.
2072,Electronics-Become,Office,420.3,2,PrimeSource Ltd.
2073,Clothing-Executive,Office,499.43,5,FreshMart Co.
2074,Clothing-Strong,Clothing,659.5,8,UrbanStyle Traders
2075,Electronics-Letter,Electronics,780.64,10,GlobalTech Supplies
2076,Clothing-Affect,Clothing,806.07,9,EcoHome Goods
2077,Office-Ball,Electronics,561.83,9,GlobalTech Supplies
2078,Electronics-Film,Office,142.01,1,GlobalTech Supplies
2079,Office-Who,Home,950.54,9,UrbanStyle Traders
2080,Office-Doctor,Office,832.26,7,GlobalTech Supplies
2081,Office-Light,Clothing,746.22,9,FreshMart Co.
2082,Office-Figure,Office,266.6,8,FreshMart Co.
2083,Clothing-Cut,Home,768.16,1,PrimeSource Ltd.
2084,Office-Stuff,Clothing,281.85,8,EcoHome Goods
2085,Electronics-Officer,Home,242.15,8,GlobalTech Supplies
2086,Home-Of,Home,894.1,3,GlobalTech Supplies
2087,Electronics-Rather,Clothing,159.32,1,UrbanStyle Traders
2088,Office-Evening,Clothing,709.35,8,FreshMart Co.
2089,Electronics-Action,Office,413.52,3,EcoHome Goods
2090,Office-Staff,Office,71.64,3,PrimeSource Ltd.
2091,Office-Mrs,Office,905.79,1,FreshMart Co.
2092,Electronics-Add,Office,482.21,5,PrimeSource Ltd.
2093,Home-Real,Home,755.94,10,UrbanStyle Traders
2094,Office-Fight,Clothing,493.35,7,UrbanStyle Traders
2095,Home-Seem,Office,490.79,10,GlobalTech Supplies
2096,Office-Discuss,Home,672.18,9,EcoHome Goods
2097,Office-Recent,Clothing,842.1,7,PrimeSource Ltd.
2098,Clothing-Trouble,Electronics,907.86,9,FreshMart Co.
2099,Electronics-Several,Electronics,646.32,8,UrbanStyle Traders
